{"components":{"site_view":{"template":"<div class=\"favlink-card\" style=\"\nborder-top-width: 3px;\nborder-top-style:solid;\nline-height:1.43;\nbox-shadow: 0 1px 5px rgba(215,221,230,.25),1px 0 0 #e5e9f2 inset,-1px 0 0 #e5e9f2 inset,0 -1px 0 #e5e9f2 inset;\nbackground-color:#fff;\nheight: 130px;\nwidth: 250px;\npadding: 20px 15px;\ntext-align: center;\nposition: relative;\nbox-sizing:border-box;\ncursor: pointer;\n\" :style=\"{'border-top-color':_('site_color')}\">\n\t<a class=\"title\" style=\"font-size: 15px;\n\tcolor: #475669;\">站点标题</a>\n\t<div class=\"description\" style=\"font-size: 13px;\n\tcolor: #99a9bf;\">{{_('site_description')}}</div>\n\t<a v-if=\"_('site_icon')\"\n\tclass=\"icon\"\n\t:style=\"{\n\t\t'background-color': _('site_color'),\n\t\t'box-shadow': '0 3px 8px '+ _('site_color'),\n\t\t'background-image': 'url('+_('site_icon')+')',\n\t\t'background-size': _('site_icon_width')+'px '+ _('site_icon_height')+'px'\n\t}\"\n\tstyle=\"\tposition: absolute;\n\twidth: 65px;\n\theight: 65px;\n\tcolor: #fff;\n\ttext-shadow: 0 3px 5px rgba(0,0,0,.25);\n\tfont-size: 25px;\n\tdisplay: flex;\n\talign-items: center;\n\ttext-align: center;\n\tjustify-content: center;\n\tborder-radius: 33px;\n\tleft: 50%;\n\tmargin-left: -33px;\n\tbottom: -20px;\n\tbackground-size: 65px 65px;\n\tbackground-repeat: no-repeat;\n\tbackground-position: center;\"></a>\n\t<a v-else\n\tclass=\"icon\"\n\t:style=\"{'background-color': _('site_color'),'box-shadow': '0 3px 8px '+ _('site_color'),'background-image': 'url('+_('site_icon')+')'}\"\n\tstyle=\"\tposition: absolute;\n\twidth: 65px;\n\theight: 65px;\n\tcolor: #fff;\n\ttext-shadow: 0 3px 5px rgba(0,0,0,.25);\n\tfont-size: 25px;\n\tdisplay: flex;\n\talign-items: center;\n\ttext-align: center;\n\tjustify-content: center;\n\tborder-radius: 33px;\n\tleft: 50%;\n\tmargin-left: -33px;\n\tbottom: -20px;\">站</a>\n</div>","inject":{},"methods":{}}},"meta":[{"title":"基本设置","icon":"el-icon-document","labelWidth":"75px","screen":["page"],"content":[{"type":"uploader","label":"页面头图 ","value":"","showImage":true,"name":"日志头图","decoration":""}]},{"title":"基本设置","icon":"el-icon-edit","labelWidth":"75px","screen":["post"],"content":[{"type":"uploader","label":"文章头图","value":"","showImage":true,"name":"日志头图","decoration":"用于文章页面顶部图像以及“博客”文章展示模式，建议尺寸：1920×400px"},{"type":"uploader","label":"滚动图片","value":"","showImage":true,"name":"分类slider图片地址","decoration":"用于“首页顶部自定义滚动文章”及“分类页顶部随机滚动文章”，建议尺寸：1920×400px"},{"type":"inputNumber","label":"点赞数量","value":0,"min":0,"max":9999,"step":1,"name":"bigfa_ding","decoration":"","gear_name":"","gear_value":""},{"type":"switch","label":"允许打赏","value":"","name":"打赏","gear_name":"","gear_value":""}]},{"title":"基本设置","icon":"el-icon-share","labelWidth":"90px","screen":["favlinks"],"content":[{"type":"input","label":"站点描述","value":"","placeholder":"请输入...","name":"site_description","decoration":"","gear_name":"","gear_value":""},{"type":"input","label":"站点地址","value":"","placeholder":"http://","name":"site_url","decoration":"","gear_name":"","gear_value":""},{"type":"switch","label":"新窗口打开","value":"","name":"target_blank","gear_name":"","gear_value":""},{"type":"colorPicker","label":"主要颜色","value":"","name":"site_color","showAlpha":false,"decoration":"","gear_name":"","gear_value":""},{"type":"uploader","label":"站点图标","value":"","showImage":true,"name":"site_icon","decoration":"","gear_name":"","gear_value":""},{"type":"inputNumber","label":"图标宽","value":0,"min":10,"max":999,"step":1,"name":"site_icon_width","decoration":"","gear_name":"","gear_value":""},{"type":"inputNumber","label":"图标高","value":0,"min":10,"max":999,"step":1,"name":"site_icon_height","decoration":"","gear_name":"","gear_value":""},{"type":"view","label":"预览","template_name":"site_view","gear_name":"","gear_value":"","value":"","decoration":""},{"label":"<span class=\"form_decoration\" style=\"font-weight:bold;padding-left:10px;border-left:3px solid currentColor;\">帮助</span>","decoration":"","gear_name":"","gear_value":"","value":""},{"label":"显示","decoration":"在“页面”处新增页面，选择“友情链接”模板","gear_name":"","gear_value":"","value":""},{"label":"排序","decoration":"分类的顺序依照“别名”排序，修改别名可自定义顺序。链接的顺序依照“发布时间”排序。","gear_name":"","gear_value":"","value":""},{"label":"注意","decoration":"显示时候是按照分类显示的，因此每个链接必须隶属于一个分类才可以显示。不建议使用多级分类（父分类会出现重复项）","gear_name":"","gear_value":"","value":""}],"gear_name":"","gear_value":""},{"title":"基本设置","icon":"","labelWidth":"75px","screen":["faq"],"content":[{"type":"textarea","label":"问题答案","value":"","placeholder":"请输入...","name":"faq_answer","decoration":"","gear_name":"","gear_value":"","rows":5}],"gear_name":"","gear_value":""},{"title":"基本设置","icon":"el-icon-picture","labelWidth":"75px","screen":["gallery"],"content":[{"type":"multi_uploader","label":"图片集","value":[],"name":"gallery_images","decoration":""},{"type":"switch","label":"原图比例","value":"","name":"showBox_contain","decoration":"关闭：自动放大图片以更大尺寸显示（适用于风景图片）<br>\n启用：保持原图比例（保证人物图片不被裁剪）"}]},{"title":"SEO优化","icon":"el-icon-search","labelWidth":"75px","screen":["gallery","page","post"],"content":[{"type":"input","label":"关键词","value":"","placeholder":"请填写关键词","name":"seo关键词","decoration":""},{"type":"input","label":"摘要","value":"","placeholder":"请用自然语言描述内容","name":"seo描述","decoration":""}]}],"myPostTypes":{"posttypes":[{"name":"相册","type":"gallery","allow_categorys":true,"supports":["title","comments","editor"],"menu_icon":"dashicons-format-gallery","unset_columns":["tags"],"new_columns":[{"name":"gallery_taxonomy","display":"相册分类"},{"name":"gallery_images","display":"图片集"},{"name":"gallery_tags","display":"相册标签"}],"allow_tags":true,"custom_taxonomies":[],"show_in_rest":true},{"name":"常见问题","type":"faq","allow_categorys":false,"supports":["title"],"menu_icon":"dashicons-format-chat","unset_columns":["tags"],"new_columns":[{"name":"faq_answer","display":"问题答案"}],"custom_taxonomies":[]},{"name":"友情链接","type":"favlinks","allow_categorys":true,"supports":["title"],"menu_icon":"dashicons-admin-site","unset_columns":["tags"],"new_columns":[{"name":"favlinks_taxonomy","display":"友情链接分类"}],"custom_taxonomies":[]},{"name":"轻博客","type":"microblog","allow_categorys":false,"supports":["editor"],"menu_icon":"dashicons-editor-quote","unset_columns":["tags","title"],"new_columns":[{"name":"microblog_content","display":"轻博客内容"}],"custom_taxonomies":[]}],"columns":[{"name":"gallery_images","meta":"gallery_images","display":"eval","eval":"echo '<div style=\"white-space:nowrap;overflow-x:auto;\">';\nforeach ($meta as $pic) {\necho '<div style=\"width:80px;height:80px;border-radius:4px;background:url('. $pic.') no-repeat center center / cover;display:inline-block;margin-right:5px\"></div>';\n}\necho '</div>';"},{"name":"gallery_taxonomy","meta":"","display":"taxonomy","eval":""},{"name":"faq_answer","meta":"faq_answer","display":"meta","eval":""},{"name":"favlinks_taxonomy","meta":"","display":"taxonomy","eval":""},{"name":"microblog_content","meta":"","display":"eval","eval":"the_content();"},{"name":"gallery_tags","meta":"","display":"tag","eval":""}]}}